<?xml version="1.0" encoding="UTF-8"?>
<project-private xmlns="http://www.netbeans.org/ns/project-private/1">
    <editor-bookmarks xmlns="http://www.netbeans.org/ns/editor-bookmarks/2" lastBookmarkId="0"/>
    <open-files xmlns="http://www.netbeans.org/ns/projectui-open-files/2">
        <group>
            <file>file:/C:/Users/Juliana/Documents/NetBeansProjects/JavaApplication1/src/visao/FormPaciente.java</file>
            <file>file:/C:/Users/Juliana/Documents/NetBeansProjects/JavaApplication1/src/visao/FormeUsuario.java</file>
            <file>file:/C:/Users/Juliana/Documents/NetBeansProjects/JavaApplication1/src/visao/TelaPrincipal.java</file>
            <file>file:/C:/Users/Juliana/Documents/NetBeansProjects/JavaApplication1/src/modeloDao/DaoUsuario.java</file>
            <file>file:/C:/Users/Juliana/Documents/NetBeansProjects/JavaApplication1/src/visao/FormMedico.java</file>
            <file>file:/C:/Users/Juliana/Documents/NetBeansProjects/JavaApplication1/src/modeloBeans/BeansUsuario.java</file>
            <file>file:/C:/Users/Juliana/Documents/NetBeansProjects/JavaApplication1/src/visao/FormAgenda.java</file>
        </group>
    </open-files>
</project-private>
